RoutineVaccination 2015- 2017-2,,,,,,,,,,
RŽgions,District,Penta1.2015,Penta2.2015,Penta3.2015,Penta1.2016,Penta2.2016,Penta3.2016,Penta1.2017,Penta2.2017,Penta3.2017
Analamanga,Antananarivo Renivohitra,0.783758522,0.754710129,0.754074353,0.730101029,0.715776127,0.730825801,0.712300551,0.690280306,0.69443708
Boeni,Mahajanga I,0.951063071,0.922679925,0.934367103,0.921358015,0.892431831,0.888742266,0.971923745,0.928557838,0.922990593
Melaky,Antsalova,0.6929078,0.561460551,0.496469904,0.84288629,0.53072378,0.456603002,0.984074178,0.778539698,0.617018662
Sud Est,Midongy Atsimo,0.630933179,0.613510961,0.503377655,0.895412767,0.822811732,0.766545929,0.697914222,0.630393411,0.593346595
Sud Ouest,Toliara I,0.980356967,0.902314076,0.901222567,0.853649379,0.776173534,0.809428006,0.910249175,0.798622894,0.867407896